date_utc,classification,purpose,battery_id,request_id,operation,actors,network,contract,tx_hash,ledger,result,explorer,related_deliverable,commit,notes
2026-09-26T15:23:57Z,PRE-SPRINT BASELINE,Historical contract validation (CLI direct),N/A,N/A,deploy-sac,ISSUER: GCHROKHXHL4L635J6Y6DWFFD5DDHABOAF4BP5TEUZDZQMW4XYS6DIDL7,Stellar Testnet,CB2RBZCH2DKLB2KFTKKEIDJBK53WKT2FQBQRTAN2JKJVEBAMCDEY6D7G,bc8a2c4c71b1cbc4219b1025c22b2031b1cde381172cdc5e931f5105e9b7cb54,4882530,SUCCESS,https://stellar.expert/explorer/testnet/tx/bc8a2c4c71b1cbc4219b1025c22b2031b1cde381172cdc5e931f5105e9b7cb54,D1/D3 supporting baseline; not acceptance PASS,252fff88d4c4abbb6986460c12f1766b1ddfb574,Historical; never relabel as application/sprint evidence.
2026-09-26T15:24:07Z,PRE-SPRINT BASELINE,Historical contract validation (CLI direct),N/A,N/A,recipient-trustline,RECIPIENT: GCOEEZR6CA4TU2WK7ZNAS6AJGHQH7NGYWKO7HZ3HQIF7EJATGLBNKOUZ,Stellar Testnet,CB2RBZCH2DKLB2KFTKKEIDJBK53WKT2FQBQRTAN2JKJVEBAMCDEY6D7G,7d23d1f53d64d197d524b976c26e587bcd46212e8df11972d0a4e8eb854f2b67,4882532,SUCCESS,https://stellar.expert/explorer/testnet/tx/7d23d1f53d64d197d524b976c26e587bcd46212e8df11972d0a4e8eb854f2b67,D1/D3 supporting baseline; not acceptance PASS,252fff88d4c4abbb6986460c12f1766b1ddfb574,Historical; never relabel as application/sprint evidence.
2026-09-26T15:24:17Z,PRE-SPRINT BASELINE,Historical contract validation (CLI direct),N/A,N/A,upload-wasm,ADMIN: GBZ4HNGFYAA7FXRYECY4LBSIKSQPJPUFYJZALOWGTXUURNDR5OINUT2F,Stellar Testnet,CDMGW6M3A56EHHEQPP5A3NGTWWETFP7LOMB3CU5S67374VT3BPVCNWON,5bce8726a301dfde9f3d2a70b417f1faf17829dd60fda01385f0083b1b40a399,4882534,SUCCESS,https://stellar.expert/explorer/testnet/tx/5bce8726a301dfde9f3d2a70b417f1faf17829dd60fda01385f0083b1b40a399,D1/D3 supporting baseline; not acceptance PASS,252fff88d4c4abbb6986460c12f1766b1ddfb574,Historical; never relabel as application/sprint evidence.
2026-09-26T15:24:27Z,PRE-SPRINT BASELINE,Historical contract validation (CLI direct),N/A,N/A,deploy-byetery,ADMIN: GBZ4HNGFYAA7FXRYECY4LBSIKSQPJPUFYJZALOWGTXUURNDR5OINUT2F,Stellar Testnet,CDMGW6M3A56EHHEQPP5A3NGTWWETFP7LOMB3CU5S67374VT3BPVCNWON,e97f13bd21513428849a9743a83ffb7b141082c6e286ced19b730243a4585933,4882536,SUCCESS,https://stellar.expert/explorer/testnet/tx/e97f13bd21513428849a9743a83ffb7b141082c6e286ced19b730243a4585933,D1/D3 supporting baseline; not acceptance PASS,252fff88d4c4abbb6986460c12f1766b1ddfb574,Historical; never relabel as application/sprint evidence.
2026-09-26T15:24:37Z,PRE-SPRINT BASELINE,Historical contract validation (CLI direct),N/A,N/A,role-collector,ADMIN: GBZ4HNGFYAA7FXRYECY4LBSIKSQPJPUFYJZALOWGTXUURNDR5OINUT2F,Stellar Testnet,CDMGW6M3A56EHHEQPP5A3NGTWWETFP7LOMB3CU5S67374VT3BPVCNWON,8cb7b74d0e3829ba31dfc0277f9a308d3677c0bcfd3ff0a166698e076bb5e4c9,4882538,SUCCESS,https://stellar.expert/explorer/testnet/tx/8cb7b74d0e3829ba31dfc0277f9a308d3677c0bcfd3ff0a166698e076bb5e4c9,D1/D3 supporting baseline; not acceptance PASS,252fff88d4c4abbb6986460c12f1766b1ddfb574,Historical; never relabel as application/sprint evidence.
2026-09-26T15:24:47Z,PRE-SPRINT BASELINE,Historical contract validation (CLI direct),N/A,N/A,role-recycler,ADMIN: GBZ4HNGFYAA7FXRYECY4LBSIKSQPJPUFYJZALOWGTXUURNDR5OINUT2F,Stellar Testnet,CDMGW6M3A56EHHEQPP5A3NGTWWETFP7LOMB3CU5S67374VT3BPVCNWON,52e381d08baddf43d1a5d7a8cbbc3b5c4cb6285b3c627f02b5f16aea5e38a747,4882540,SUCCESS,https://stellar.expert/explorer/testnet/tx/52e381d08baddf43d1a5d7a8cbbc3b5c4cb6285b3c627f02b5f16aea5e38a747,D1/D3 supporting baseline; not acceptance PASS,252fff88d4c4abbb6986460c12f1766b1ddfb574,Historical; never relabel as application/sprint evidence.
2026-09-26T15:24:57Z,PRE-SPRINT BASELINE,Historical contract validation (CLI direct),N/A,N/A,prefund-contract,ISSUER: GCHROKHXHL4L635J6Y6DWFFD5DDHABOAF4BP5TEUZDZQMW4XYS6DIDL7,Stellar Testnet,CDMGW6M3A56EHHEQPP5A3NGTWWETFP7LOMB3CU5S67374VT3BPVCNWON,0cf13e4c8eba927fb637d30200f9cd5e4459a02c996be8920b1ec6eea03c11f6,4882542,SUCCESS,https://stellar.expert/explorer/testnet/tx/0cf13e4c8eba927fb637d30200f9cd5e4459a02c996be8920b1ec6eea03c11f6,D1/D3 supporting baseline; not acceptance PASS,252fff88d4c4abbb6986460c12f1766b1ddfb574,Historical; never relabel as application/sprint evidence.
2026-09-26T15:25:57Z,PRE-SPRINT BASELINE,Historical contract validation (CLI direct),BYE-TN-D7DB910EE8BA,N/A,register-battery,ADMIN: GBZ4HNGFYAA7FXRYECY4LBSIKSQPJPUFYJZALOWGTXUURNDR5OINUT2F,Stellar Testnet,CDMGW6M3A56EHHEQPP5A3NGTWWETFP7LOMB3CU5S67374VT3BPVCNWON,34b20bf6ad291bc49cacac60a5638b51cec9e54eb76b2cfe963a6cab3d94fef6,4882554,SUCCESS,https://stellar.expert/explorer/testnet/tx/34b20bf6ad291bc49cacac60a5638b51cec9e54eb76b2cfe963a6cab3d94fef6,D1/D3 supporting baseline; not acceptance PASS,252fff88d4c4abbb6986460c12f1766b1ddfb574,Historical; never relabel as application/sprint evidence.
2026-09-26T15:26:12Z,PRE-SPRINT BASELINE,Historical contract validation (CLI direct),BYE-TN-D7DB910EE8BA,aac70a9546fb6197234bc65d467e19d24e008733ba785d111155af90c7cf9864,open-return,SERVICE: GBOOUYTB4MUH3JQUMOQ6LUEALEPUQ5SREYYIJ5WGR26BI3NCVPNG7WIX,Stellar Testnet,CDMGW6M3A56EHHEQPP5A3NGTWWETFP7LOMB3CU5S67374VT3BPVCNWON,99423a60f9c0313e5eba69f6c54324519304813035b0bfc46d32ac14ce3643d3,4882557,SUCCESS,https://stellar.expert/explorer/testnet/tx/99423a60f9c0313e5eba69f6c54324519304813035b0bfc46d32ac14ce3643d3,D1/D3 supporting baseline; not acceptance PASS,252fff88d4c4abbb6986460c12f1766b1ddfb574,Historical; never relabel as application/sprint evidence.
2026-09-26T15:29:27Z,PRE-SPRINT BASELINE,Historical contract validation (CLI direct),BYE-TN-D7DB910EE8BA,aac70a9546fb6197234bc65d467e19d24e008733ba785d111155af90c7cf9864,confirm-collection,SERVICE: GBOOUYTB4MUH3JQUMOQ6LUEALEPUQ5SREYYIJ5WGR26BI3NCVPNG7WIX; COLLECTOR: GB4YAMSPXTDDUD7FNDE72BD3BKW57BEDM7D7HTX6OFWEFRBO65Z3UO6V,Stellar Testnet,CDMGW6M3A56EHHEQPP5A3NGTWWETFP7LOMB3CU5S67374VT3BPVCNWON,a57dafee61605c54aa136dd9a5359616ea0d274dc7355ddac292ab7ae94ad64d,4882596,SUCCESS,https://stellar.expert/explorer/testnet/tx/a57dafee61605c54aa136dd9a5359616ea0d274dc7355ddac292ab7ae94ad64d,D1/D3 supporting baseline; not acceptance PASS,252fff88d4c4abbb6986460c12f1766b1ddfb574,Historical; never relabel as application/sprint evidence.
2026-09-26T15:29:37Z,PRE-SPRINT BASELINE,Historical contract validation (CLI direct),BYE-TN-D7DB910EE8BA,aac70a9546fb6197234bc65d467e19d24e008733ba785d111155af90c7cf9864,confirm-recycling,RECYCLER: GBIAVN4O4HJSPZJKFPPQZPLPXBELLBGYAJLTEGOGLJG2FRW2C5P35TF2,Stellar Testnet,CDMGW6M3A56EHHEQPP5A3NGTWWETFP7LOMB3CU5S67374VT3BPVCNWON,125a122cbf4663921308e92a97e2b5f721a4e66fa616ba39e4c74e716cd36153,4882598,SUCCESS,https://stellar.expert/explorer/testnet/tx/125a122cbf4663921308e92a97e2b5f721a4e66fa616ba39e4c74e716cd36153,D1/D3 supporting baseline; not acceptance PASS,252fff88d4c4abbb6986460c12f1766b1ddfb574,Historical; never relabel as application/sprint evidence.
2026-09-26T15:29:47Z,PRE-SPRINT BASELINE,Historical contract validation (CLI direct),BYE-TN-D7DB910EE8BA,aac70a9546fb6197234bc65d467e19d24e008733ba785d111155af90c7cf9864,pay-reward,SERVICE: GBOOUYTB4MUH3JQUMOQ6LUEALEPUQ5SREYYIJ5WGR26BI3NCVPNG7WIX,Stellar Testnet,CDMGW6M3A56EHHEQPP5A3NGTWWETFP7LOMB3CU5S67374VT3BPVCNWON,9053c28bc5d711e6cce7e186b0213b14a3cdf03733fc8652e189eb7ca1aee241,4882600,SUCCESS,https://stellar.expert/explorer/testnet/tx/9053c28bc5d711e6cce7e186b0213b14a3cdf03733fc8652e189eb7ca1aee241,D1/D3 supporting baseline; not acceptance PASS,252fff88d4c4abbb6986460c12f1766b1ddfb574,Historical; never relabel as application/sprint evidence.
