Title,Date,Week,Type,Deliverable,Status,Git Commit,Branch,Tx Hash,Ledger,Evidence URL,Summary,Classification,Evidence ID
Day 0 — Pre-Sprint Baseline,2026-10-09,Baseline,Baseline,Baseline,Completed,252fff88d4c4abbb6986460c12f1766b1ddfb574,codex/testnet-app-integration,,,https://github.com/chrlstl4n2307-ai/Byetery/blob/252fff88d4c4abbb6986460c12f1766b1ddfb574/docs/TESTNET-CONTRACT-VALIDATION.md,Baseline report prepared; product acceptance incomplete.,PRE-SPRINT BASELINE,REPORT-DAY0
Consolidation checkpoint,2026-09-12,Baseline,Validation,Cross-cutting,Validated,767e8f45dd13a3bfb9b041ed2fd00a1b8d3381df,Historical checkpoint,,,https://github.com/chrlstl4n2307-ai/Byetery/commit/767e8f45dd13a3bfb9b041ed2fd00a1b8d3381df,Checkpoint committed; not sprint completion.,PRE-SPRINT BASELINE,HIST-001
HTTP backend checkpoint,2026-09-13,Baseline,Validation,Cross-cutting,Validated,90b7e23081107fcadec0e415da6476b62a4cd41e,Historical checkpoint,,,https://github.com/chrlstl4n2307-ai/Byetery/commit/90b7e23081107fcadec0e415da6476b62a4cd41e,API checkpoint published.,PRE-SPRINT BASELINE,HIST-002
Frontend MVP checkpoint,2026-09-13,Baseline,Validation,Cross-cutting,Validated,f48759361d89e10bc433a2b6eab5051bf7fe57c2,Historical checkpoint,,,https://github.com/chrlstl4n2307-ai/Byetery/commit/f48759361d89e10bc433a2b6eab5051bf7fe57c2,Connected web MVP in MOCK.,PRE-SPRINT BASELINE,HIST-003
Visual polish checkpoint,2026-09-13,Baseline,Validation,Cross-cutting,Validated,0a572af29b6d4df6c16feb0329ecc225948824f6,Historical checkpoint,,,https://github.com/chrlstl4n2307-ai/Byetery/commit/0a572af29b6d4df6c16feb0329ecc225948824f6,"Public baseline ancestor; repository was private then, public access was observed later.",PRE-SPRINT BASELINE,HIST-004
Historical Testnet validation checkpoint,2026-09-26,Baseline,Validation,Cross-cutting,Validated,252fff88d4c4abbb6986460c12f1766b1ddfb574,Historical checkpoint,,,https://github.com/chrlstl4n2307-ai/Byetery/commit/252fff88d4c4abbb6986460c12f1766b1ddfb574,"Commit 252fff8 pushed; historical contract proof, not app Testnet.",PRE-SPRINT BASELINE,HIST-005
Signing investigation notes,2026-09-27,Baseline,Development,Cross-cutting,In Progress,WIP; source not frozen,codex/testnet-app-integration,,,,Secure Store retained; secret-export proposal withdrawn in follow-up.,PRE-SPRINT BASELINE,HIST-006
SOW V3.1 baseline clarification,2026-10-06,Baseline,Development,Cross-cutting,In Progress,WIP; source not frozen,codex/testnet-app-integration,,,,Draft not ready for resubmission; public repository checks recorded in SOW.,PRE-SPRINT BASELINE,HIST-007
Partial signer work and user pause,2026-10-09,Baseline,Development,Cross-cutting,In Progress,WIP; source not frozen,codex/testnet-app-integration,,,,Product PAUSED. C++ runtime linking/recompilation incomplete at pause; no commit/push of integration.,PRE-SPRINT BASELINE,HIST-008
Week 1 — Planned,,1,Development,D1,Planned,,,,,,Official dates and work not assigned.,INSTAWARD SPRINT,PLAN-W1
Week 2 — Planned,,2,Development,D1,Planned,,,,,,Official dates and work not assigned.,INSTAWARD SPRINT,PLAN-W2
Week 3 — Planned,,3,Development,D2,Planned,,,,,,Official dates and work not assigned.,INSTAWARD SPRINT,PLAN-W3
Week 4 — Planned,,4,Development,D3,Planned,,,,,,Official dates and work not assigned.,INSTAWARD SPRINT,PLAN-W4
Formal Pre-Sprint Freeze,2026-10-09,Baseline,Baseline,Baseline,Completed,pre-instaward-baseline-v1 (resolve annotated tag),codex/testnet-app-integration,,,https://github.com/chrlstl4n2307-ai/Byetery/blob/pre-instaward-baseline-v1/docs/instaward/FREEZE-REPORT.md,Freeze preserves historical source and partial WIP; no new product acceptance.,PRE-SPRINT BASELINE,FREEZE-V1
