Criterion,Description,Status,Evidence,Commit,Date,Classification
D1.1,Each succeeds with its authorized actor and confirmed Testnet result.,IN PROGRESS,"EV-005/006 (contract historical only); EV-010 (local work, unvalidated)",252fff88d4c4abbb6986460c12f1766b1ddfb574,2026-10-09,PRE-SPRINT BASELINE
D1.2,All unauthorized attempts rejected; SERVICE + COLLECTOR succeeds.,IN PROGRESS,"EV-005/006 (contract historical only); EV-010 (local work, unvalidated)",252fff88d4c4abbb6986460c12f1766b1ddfb574,2026-10-09,PRE-SPRINT BASELINE
D1.3,Application remains unconfirmed until SUCCESS is verified; a failed transaction never appears confirmed.,IN PROGRESS,"EV-005/006 (contract historical only); EV-010 (local work, unvalidated)",252fff88d4c4abbb6986460c12f1766b1ddfb574,2026-10-09,PRE-SPRINT BASELINE
D1.4,"Operation ID, network, contract and transaction hash correlate; confirmed records include ledger/result.",IN PROGRESS,"EV-005/006 (contract historical only); EV-010 (local work, unvalidated)",252fff88d4c4abbb6986460c12f1766b1ddfb574,2026-10-09,PRE-SPRINT BASELINE
D1.5,Identical request returns the same logical operation; changed parameters rejected. One valid effect per intended transition.,IN PROGRESS,"EV-005/006 (contract historical only); EV-010 (local work, unvalidated)",252fff88d4c4abbb6986460c12f1766b1ddfb574,2026-10-09,PRE-SPRINT BASELINE
D1.6,No second successful payment or additional reward balance change. Exact commit and commands reproduce expected results.,BLOCKED,"EV-005/006 (contract historical only); EV-010 (local work, unvalidated)",252fff88d4c4abbb6986460c12f1766b1ddfb574,2026-10-09,PRE-SPRINT BASELINE
D1.7,No pre-submit chain effect; recovery retains one logical operation and at most one valid intended effect.,NOT STARTED,No acceptance execution established; baseline sources are supporting context only,252fff88d4c4abbb6986460c12f1766b1ddfb574,2026-10-09,PRE-SPRINT BASELINE
D1.8,Mark unresolved; look up the persisted hash. Confirm if SUCCESS is found; no blind replacement transaction.,NOT STARTED,No acceptance execution established; baseline sources are supporting context only,252fff88d4c4abbb6986460c12f1766b1ddfb574,2026-10-09,PRE-SPRINT BASELINE
D1.9,Preserve operation and uncertainty; fail visibly without false confirmation. Resume reconciliation when reachable.,NOT STARTED,No acceptance execution established; baseline sources are supporting context only,252fff88d4c4abbb6986460c12f1766b1ddfb574,2026-10-09,PRE-SPRINT BASELINE
D1.10,Recover the same operation and hash; reconcile without losing or duplicating its effect.,IN PROGRESS,"EV-005/006 (contract historical only); EV-010 (local work, unvalidated)",252fff88d4c4abbb6986460c12f1766b1ddfb574,2026-10-09,PRE-SPRINT BASELINE
D1.11,Remain unresolved; no automatic replacement envelope. Any permitted rebroadcast uses the same signed transaction identity and is recorded.,IN PROGRESS,"EV-005/006 (contract historical only); EV-010 (local work, unvalidated)",252fff88d4c4abbb6986460c12f1766b1ddfb574,2026-10-09,PRE-SPRINT BASELINE
D1.12,Revoked actor rejected; no lifecycle advancement or reward. Restore test configuration where applicable.,NOT STARTED,No acceptance execution established; baseline sources are supporting context only,252fff88d4c4abbb6986460c12f1766b1ddfb574,2026-10-09,PRE-SPRINT BASELINE
D2.1,"Allowed actions succeed; forbidden actions rejected by server/contract, not merely hidden.",IN PROGRESS,EV-003/008 (MOCK historical only),f48759361d89e10bc433a2b6eab5051bf7fe57c2,2026-10-09,PRE-SPRINT BASELINE
D2.2,Correct record retrieved; QR grants no authority.,IN PROGRESS,EV-003/008 (MOCK historical only),f48759361d89e10bc433a2b6eab5051bf7fe57c2,2026-10-09,PRE-SPRINT BASELINE
D2.3,"Attested state, transaction and reward remain distinct; no false successful status.",IN PROGRESS,EV-003/008 (MOCK historical only),f48759361d89e10bc433a2b6eab5051bf7fe57c2,2026-10-09,PRE-SPRINT BASELINE
D2.4,Timeline exposes the correct Testnet transaction reference and result.,IN PROGRESS,EV-003/008 (MOCK historical only),f48759361d89e10bc433a2b6eab5051bf7fe57c2,2026-10-09,PRE-SPRINT BASELINE
D2.5,Intact passes; altered fails against the same commitment.,NOT STARTED,No acceptance execution established; baseline sources are supporting context only,f48759361d89e10bc433a2b6eab5051bf7fe57c2,2026-10-09,PRE-SPRINT BASELINE
D2.6,Evaluator can access all four test roles and run the documented checks without receiving signing keys.,BLOCKED,EV-003/008 (MOCK historical only),f48759361d89e10bc433a2b6eab5051bf7fe57c2,2026-10-09,PRE-SPRINT BASELINE
D3.1,Three distinct IDs complete all five operations; at least two recipient wallets. Each has UI/API evidence and confirmed Testnet references.,BLOCKED,EV-005/006 (one CLI historical run; not new E2E),252fff88d4c4abbb6986460c12f1766b1ddfb574,2026-10-09,PRE-SPRINT BASELINE
D3.2,Exactly one successful payment of 10 GREEN-TEST per eligible lifecycle. Recycling sets Pending; SERVICE separately requests payment; only successful payment yields Sent.,IN PROGRESS,EV-005/006 (one CLI historical run; not new E2E),252fff88d4c4abbb6986460c12f1766b1ddfb574,2026-10-09,PRE-SPRINT BASELINE
D3.3,"Unauthorized recycler, altered record, early reward, duplicate reward, invalid transition and uncertain-response reconciliation all produce the specified rejection or unresolved/recovered result.",NOT STARTED,No acceptance execution established; baseline sources are supporting context only,252fff88d4c4abbb6986460c12f1766b1ddfb574,2026-10-09,PRE-SPRINT BASELINE
D3.4,Complete per-operation manifests for each lifecycle; disclosed records recompute to the commitment. Reward before/after balances correlate with the payment result.,NOT STARTED,No acceptance execution established; baseline sources are supporting context only,252fff88d4c4abbb6986460c12f1766b1ddfb574,2026-10-09,PRE-SPRINT BASELINE
D3.5,"Exact final commit, passing acceptance results, reviewer instructions and final demo video covering successful and negative flows. Clearly labeled new sprint evidence.",BLOCKED,EV-005/006 (one CLI historical run; not new E2E),252fff88d4c4abbb6986460c12f1766b1ddfb574,2026-10-09,PRE-SPRINT BASELINE
