Key,Title,Parent key,File,Notion page ID
root,Byetery — Instaward,,root.md,
baseline,Pre-Sprint Baseline,root,Pre-Sprint Baseline.md,
devlog,Development Log,root,Development Log.md,
day0,Day 0 — Baseline,devlog,Day 0 — Baseline.md,
changelog,Byetery — Changelog,root,Changelog.md,
deliverables,Byetery — Deliverables,root,Deliverables.md,
d1,D1 — Reliable Stellar Testnet Integration,deliverables,D1.md,
d2,D2 — Connected Web MVP & Verification Interface,deliverables,D2.md,
d3,D3 — E2E Lifecycle & Test Reward,deliverables,D3.md,
evidence,Tests & Evidence,root,Tests & Evidence.md,
tx,Stellar Transactions,root,Stellar Transactions.md,
decisions,Issues — Risks — Decisions,root,Issues Risks Decisions.md,
limits,Known Limitations,root,Known Limitations.md,
final,Final Evidence Package,root,Final Evidence Package.md,
template,Progress Template,devlog,Progress Template.md,
week1,Week 1,devlog,Week 1.md,
week2,Week 2,devlog,Week 2.md,
week3,Week 3,devlog,Week 3.md,
week4,Week 4,devlog,Week 4.md,
